user_id,topic_id,latest_score,avg_score,attempts_count,last_attempt,target_days
user_0,topic_3,2,8.01,9,2025-07-01T08:49:00.545400,20
user_1,topic_5,7,6.13,9,2025-07-09T08:49:00.545425,27
user_2,topic_2,7,8.97,8,2025-07-08T08:49:00.545433,9
user_3,topic_2,10,2.77,9,2025-07-05T08:49:00.545441,21
user_4,topic_3,4,4.4,5,2025-07-21T08:49:00.545448,9
user_5,topic_2,5,8.93,2,2025-07-28T08:49:00.545462,5
user_6,topic_4,6,6.94,4,2025-08-01T08:49:00.545478,14
user_7,topic_4,5,5.43,7,2025-08-02T08:49:00.545486,7
user_8,topic_1,6,9.05,10,2025-06-06T08:49:00.545493,23
user_9,topic_3,9,3.8,1,2025-06-06T08:49:00.545501,12
user_10,topic_5,6,8.53,7,2025-07-02T08:49:00.545508,24
user_11,topic_4,9,8.98,8,2025-07-22T08:49:00.545519,9
user_12,topic_4,7,0.29,6,2025-06-24T08:49:00.545530,22
user_13,topic_1,2,8.41,3,2025-06-27T08:49:00.545543,18
user_14,topic_4,6,5.92,1,2025-07-31T08:49:00.545555,21
user_15,topic_4,2,8.67,3,2025-08-02T08:49:00.545562,9
user_16,topic_4,5,2.12,6,2025-07-15T08:49:00.545572,25
user_17,topic_1,4,7.52,7,2025-07-20T08:49:00.545586,27
user_18,topic_2,7,0.19,9,2025-08-02T08:49:00.545598,12
user_19,topic_2,10,0.69,1,2025-06-18T08:49:00.545610,1
user_20,topic_2,3,8.39,10,2025-07-27T08:49:00.545623,8
user_21,topic_4,7,6.69,10,2025-06-06T08:49:00.545634,7
user_22,topic_1,4,7.67,3,2025-06-28T08:49:00.545646,20
user_23,topic_3,2,9.65,2,2025-06-29T08:49:00.545661,1
user_24,topic_2,9,6.77,7,2025-07-11T08:49:00.545669,23
user_25,topic_3,1,5.92,4,2025-07-30T08:49:00.545679,23
user_26,topic_1,10,6.0,2,2025-06-16T08:49:00.545692,19
user_27,topic_3,5,5.33,6,2025-08-01T08:49:00.545705,17
user_28,topic_3,0,8.5,8,2025-07-30T08:49:00.545715,14
user_29,topic_4,10,8.92,8,2025-06-21T08:49:00.545722,5
user_30,topic_5,2,7.34,5,2025-06-27T08:49:00.545730,26
user_31,topic_2,7,4.65,10,2025-07-19T08:49:00.545737,11
user_32,topic_4,1,2.79,8,2025-07-21T08:49:00.545744,25
user_33,topic_4,9,6.1,7,2025-07-15T08:49:00.545764,1
user_34,topic_3,5,1.82,4,2025-07-14T08:49:00.545771,26
user_35,topic_3,5,2.8,10,2025-06-22T08:49:00.545778,29
user_36,topic_4,8,0.1,4,2025-07-31T08:49:00.545785,8
user_37,topic_4,7,5.55,4,2025-06-22T08:49:00.545798,16
user_38,topic_4,7,7.93,2,2025-07-18T08:49:00.545811,8
user_39,topic_5,3,3.06,10,2025-07-13T08:49:00.545818,16
user_40,topic_4,8,3.44,9,2025-07-15T08:49:00.545825,12
user_41,topic_2,4,3.07,4,2025-07-29T08:49:00.545832,24
user_42,topic_2,5,1.2,9,2025-06-06T08:49:00.545843,25
user_43,topic_5,3,2.16,8,2025-07-19T08:49:00.545850,24
user_44,topic_3,8,5.97,2,2025-06-13T08:49:00.545857,7
user_45,topic_5,3,3.61,5,2025-08-05T08:49:00.545864,23
user_46,topic_2,2,2.74,1,2025-07-01T08:49:00.545872,10
user_47,topic_1,10,8.68,8,2025-07-30T08:49:00.545879,28
user_48,topic_2,9,2.84,8,2025-07-08T08:49:00.545890,11
user_49,topic_1,0,2.52,8,2025-07-29T08:49:00.545897,27
user_50,topic_1,6,4.92,10,2025-06-26T08:49:00.545905,22
user_51,topic_1,2,1.49,10,2025-06-06T08:49:00.545917,10
user_52,topic_5,3,1.18,7,2025-06-28T08:49:00.545929,20
user_53,topic_4,3,7.76,7,2025-07-08T08:49:00.545942,30
user_54,topic_5,4,8.6,7,2025-07-17T08:49:00.545954,19
user_55,topic_2,0,6.1,2,2025-06-06T08:49:00.545964,25
user_56,topic_2,10,2.11,2,2025-07-26T08:49:00.545971,8
user_57,topic_5,8,0.75,1,2025-07-10T08:49:00.545979,15
user_58,topic_3,7,2.91,4,2025-07-18T08:49:00.545986,23
user_59,topic_5,7,0.71,4,2025-06-07T08:49:00.545995,9
user_60,topic_5,10,8.04,4,2025-07-09T08:49:00.546002,4
user_61,topic_1,3,6.48,5,2025-06-14T08:49:00.546008,5
user_62,topic_5,0,1.66,5,2025-06-28T08:49:00.546015,24
user_63,topic_4,4,4.39,8,2025-06-22T08:49:00.546022,10
user_64,topic_5,4,5.0,8,2025-07-08T08:49:00.546029,3
user_65,topic_1,0,8.89,6,2025-06-28T08:49:00.546037,9
user_66,topic_3,1,2.29,10,2025-06-29T08:49:00.546044,1
user_67,topic_4,9,0.4,3,2025-07-06T08:49:00.546052,17
user_68,topic_4,4,1.81,10,2025-07-09T08:49:00.546063,21
user_69,topic_1,1,4.7,7,2025-07-15T08:49:00.546075,11
user_70,topic_4,2,3.3,8,2025-07-18T08:49:00.546088,22
user_71,topic_3,8,0.37,2,2025-07-16T08:49:00.546100,9
user_72,topic_1,1,9.7,7,2025-06-11T08:49:00.546113,17
user_73,topic_2,10,8.69,8,2025-07-10T08:49:00.546131,2
user_74,topic_1,8,3.62,8,2025-06-26T08:49:00.546138,15
user_75,topic_4,3,2.67,3,2025-06-07T08:49:00.546145,10
user_76,topic_2,7,1.21,10,2025-06-15T08:49:00.546152,8
user_77,topic_2,4,5.51,9,2025-07-10T08:49:00.546160,3
user_78,topic_2,1,4.61,2,2025-06-25T08:49:00.546167,27
user_79,topic_3,7,9.33,5,2025-07-04T08:49:00.546174,23
user_80,topic_5,6,8.35,8,2025-07-21T08:49:00.546183,15
user_81,topic_2,2,3.84,10,2025-07-04T08:49:00.546191,24
user_82,topic_5,1,2.76,7,2025-07-15T08:49:00.546198,30
user_83,topic_5,4,8.21,5,2025-06-20T08:49:00.546205,10
user_84,topic_4,9,9.99,8,2025-06-11T08:49:00.546217,5
user_85,topic_5,8,4.84,6,2025-07-01T08:49:00.546225,25
user_86,topic_2,6,4.55,6,2025-06-11T08:49:00.546232,7
user_87,topic_4,9,3.83,7,2025-08-03T08:49:00.546240,11
user_88,topic_2,6,3.86,3,2025-07-05T08:49:00.546251,2
user_89,topic_4,8,9.65,6,2025-06-11T08:49:00.546262,4
user_90,topic_2,1,5.26,8,2025-08-05T08:49:00.546274,24
user_91,topic_3,6,8.71,3,2025-08-01T08:49:00.546290,16
user_92,topic_3,5,6.23,7,2025-06-25T08:49:00.546298,3
user_93,topic_4,10,8.59,7,2025-07-16T08:49:00.546305,21
user_94,topic_3,8,0.36,2,2025-07-21T08:49:00.546312,21
user_95,topic_1,3,7.47,7,2025-07-30T08:49:00.546319,25
user_96,topic_1,7,1.66,5,2025-06-09T08:49:00.546325,1
user_97,topic_4,5,7.96,5,2025-07-14T08:49:00.546334,12
user_98,topic_2,2,2.44,7,2025-06-30T08:49:00.546351,22
user_99,topic_5,2,1.75,10,2025-06-11T08:49:00.546366,13
user_100,topic_4,10,2.41,10,2025-07-27T08:49:00.546378,8
user_101,topic_4,10,2.54,5,2025-06-24T08:49:00.546392,1
user_102,topic_3,4,6.78,3,2025-08-01T08:49:00.546403,15
user_103,topic_4,9,2.99,7,2025-06-22T08:49:00.546418,9
user_104,topic_1,4,1.99,7,2025-06-12T08:49:00.546425,16
user_105,topic_3,3,3.81,6,2025-06-30T08:49:00.546432,10
user_106,topic_5,0,9.78,7,2025-07-19T08:49:00.546439,1
user_107,topic_4,10,7.78,1,2025-06-08T08:49:00.546445,20
user_108,topic_3,4,7.76,4,2025-06-28T08:49:00.546452,26
user_109,topic_2,3,6.37,10,2025-07-20T08:49:00.546459,22
user_110,topic_4,10,0.97,1,2025-07-17T08:49:00.546466,26
user_111,topic_3,0,5.8,3,2025-07-31T08:49:00.546479,30
user_112,topic_5,5,7.47,3,2025-07-24T08:49:00.546486,5
user_113,topic_3,5,5.31,5,2025-06-13T08:49:00.546493,6
user_114,topic_3,7,9.67,5,2025-06-19T08:49:00.546500,28
user_115,topic_2,1,4.68,2,2025-07-27T08:49:00.546507,25
user_116,topic_5,10,7.24,7,2025-06-12T08:49:00.546513,26
user_117,topic_5,5,0.9,7,2025-08-05T08:49:00.546527,9
user_118,topic_3,1,4.55,5,2025-06-29T08:49:00.546539,13
user_119,topic_5,1,6.75,8,2025-08-04T08:49:00.546548,20
user_120,topic_4,5,9.15,4,2025-06-25T08:49:00.546555,3
user_121,topic_1,4,6.49,2,2025-07-28T08:49:00.546561,2
user_122,topic_5,4,9.96,2,2025-07-30T08:49:00.546568,8
user_123,topic_5,2,3.89,6,2025-06-24T08:49:00.546577,24
user_124,topic_1,6,5.87,3,2025-06-10T08:49:00.546584,14
user_125,topic_3,7,6.16,5,2025-08-03T08:49:00.546593,23
user_126,topic_1,3,4.43,4,2025-06-12T08:49:00.546604,12
user_127,topic_3,10,3.67,6,2025-08-02T08:49:00.546616,13
user_128,topic_2,3,9.68,8,2025-07-31T08:49:00.546628,22
user_129,topic_3,10,6.39,1,2025-08-02T08:49:00.546636,26
user_130,topic_5,3,9.89,10,2025-07-23T08:49:00.546643,3
user_131,topic_2,3,5.86,4,2025-07-15T08:49:00.546649,25
user_132,topic_3,9,0.03,3,2025-07-28T08:49:00.546660,18
user_133,topic_3,2,1.1,1,2025-07-28T08:49:00.546672,1
user_134,topic_1,3,5.89,1,2025-07-25T08:49:00.546693,9
user_135,topic_1,2,7.42,9,2025-07-29T08:49:00.546709,24
user_136,topic_1,7,4.48,6,2025-07-04T08:49:00.546724,19
user_137,topic_5,7,5.04,10,2025-08-03T08:49:00.546736,24
user_138,topic_4,4,4.58,1,2025-08-02T08:49:00.546747,16
user_139,topic_4,6,6.86,8,2025-06-21T08:49:00.546758,30
user_140,topic_1,1,8.99,6,2025-06-28T08:49:00.546769,5
user_141,topic_3,2,2.75,10,2025-07-01T08:49:00.546781,23
user_142,topic_5,6,9.95,9,2025-07-18T08:49:00.546793,15
user_143,topic_5,9,4.3,2,2025-06-12T08:49:00.546813,21
user_144,topic_4,3,4.3,4,2025-07-10T08:49:00.546823,11
user_145,topic_3,6,4.16,2,2025-07-16T08:49:00.546830,14
user_146,topic_4,10,2.55,3,2025-06-23T08:49:00.546841,30
user_147,topic_1,1,0.91,2,2025-07-31T08:49:00.546852,14
user_148,topic_5,5,8.12,9,2025-08-02T08:49:00.546868,19
user_149,topic_4,8,3.3,2,2025-07-10T08:49:00.546882,12
user_150,topic_1,0,9.68,10,2025-07-17T08:49:00.546893,12
user_151,topic_2,9,5.07,3,2025-06-24T08:49:00.546904,16
user_152,topic_3,1,3.5,9,2025-07-13T08:49:00.546916,4
user_153,topic_5,9,2.26,7,2025-06-12T08:49:00.546934,18
user_154,topic_3,9,6.75,9,2025-08-04T08:49:00.546944,20
user_155,topic_3,0,1.8,5,2025-06-08T08:49:00.546952,11
user_156,topic_4,0,1.81,3,2025-06-30T08:49:00.546959,22
user_157,topic_5,1,1.42,1,2025-07-31T08:49:00.546966,24
user_158,topic_3,3,3.76,8,2025-07-15T08:49:00.546972,6
user_159,topic_1,4,7.22,10,2025-06-28T08:49:00.546979,3
user_160,topic_1,2,1.57,10,2025-08-02T08:49:00.546986,22
user_161,topic_4,4,4.43,7,2025-07-05T08:49:00.546995,20
user_162,topic_4,6,2.73,9,2025-07-29T08:49:00.547006,12
user_163,topic_3,1,2.83,10,2025-07-05T08:49:00.547017,17
user_164,topic_2,0,2.21,10,2025-08-02T08:49:00.547033,1
user_165,topic_3,4,9.45,3,2025-06-18T08:49:00.547042,9
user_166,topic_2,5,1.2,8,2025-06-19T08:49:00.547048,14
user_167,topic_3,2,3.8,4,2025-07-04T08:49:00.547056,18
user_168,topic_4,1,3.97,1,2025-07-09T08:49:00.547063,1
user_169,topic_4,1,8.62,10,2025-07-09T08:49:00.547070,19
user_170,topic_3,10,4.18,2,2025-07-11T08:49:00.547077,1
user_171,topic_3,2,8.01,10,2025-07-07T08:49:00.547083,27
user_172,topic_5,1,4.37,2,2025-07-21T08:49:00.547094,14
user_173,topic_3,6,5.24,7,2025-06-11T08:49:00.547102,10
user_174,topic_1,3,3.33,3,2025-08-01T08:49:00.547108,17
user_175,topic_2,8,5.1,6,2025-07-14T08:49:00.547115,24
user_176,topic_5,3,1.03,5,2025-07-24T08:49:00.547122,6
user_177,topic_4,2,7.6,2,2025-07-25T08:49:00.547129,25
user_178,topic_5,7,7.54,10,2025-07-08T08:49:00.547140,22
user_179,topic_3,10,6.35,10,2025-07-16T08:49:00.547151,28
user_180,topic_3,2,4.4,8,2025-07-08T08:49:00.547163,21
user_181,topic_3,4,5.91,6,2025-07-04T08:49:00.547173,3
user_182,topic_3,7,4.52,1,2025-07-13T08:49:00.547180,27
user_183,topic_5,1,6.45,2,2025-06-27T08:49:00.547188,20
user_184,topic_1,6,4.63,9,2025-06-16T08:49:00.547194,24
user_185,topic_3,7,9.09,10,2025-06-25T08:49:00.547201,7
user_186,topic_1,9,4.76,3,2025-08-02T08:49:00.547208,15
user_187,topic_2,5,9.82,2,2025-07-04T08:49:00.547220,21
user_188,topic_5,0,2.48,8,2025-07-08T08:49:00.547227,17
user_189,topic_4,9,1.59,6,2025-06-08T08:49:00.547234,10
user_190,topic_3,6,7.74,10,2025-08-02T08:49:00.547243,26
user_191,topic_3,1,3.3,9,2025-06-23T08:49:00.547250,13
user_192,topic_3,4,7.24,10,2025-06-11T08:49:00.547257,5
user_193,topic_3,1,5.83,3,2025-06-08T08:49:00.547264,12
user_194,topic_1,10,6.98,7,2025-07-28T08:49:00.547271,20
user_195,topic_5,4,5.59,6,2025-06-14T08:49:00.547278,5
user_196,topic_1,1,6.46,7,2025-07-04T08:49:00.547289,12
user_197,topic_4,5,3.09,4,2025-07-15T08:49:00.547296,25
user_198,topic_3,3,2.27,3,2025-07-27T08:49:00.547303,3
user_199,topic_5,1,5.08,9,2025-06-13T08:49:00.547310,24
user_200,topic_4,0,6.62,10,2025-07-28T08:49:00.547317,20
user_201,topic_2,2,1.62,10,2025-06-15T08:49:00.547326,29
user_202,topic_2,7,0.44,6,2025-06-23T08:49:00.547338,24
user_203,topic_2,7,6.11,8,2025-07-22T08:49:00.547350,18
user_204,topic_2,4,9.66,8,2025-06-09T08:49:00.547362,27
user_205,topic_3,5,6.78,10,2025-07-08T08:49:00.547369,15
user_206,topic_2,6,5.03,7,2025-07-26T08:49:00.547376,27
user_207,topic_4,9,1.38,5,2025-08-02T08:49:00.547383,21
user_208,topic_5,5,5.55,2,2025-06-21T08:49:00.547396,28
user_209,topic_5,1,2.85,3,2025-07-19T08:49:00.547404,15
user_210,topic_2,2,8.31,2,2025-06-06T08:49:00.547414,30
user_211,topic_4,7,8.85,1,2025-07-10T08:49:00.547426,2
user_212,topic_2,8,3.74,7,2025-07-31T08:49:00.547437,12
user_213,topic_3,0,3.19,2,2025-06-13T08:49:00.547448,23
user_214,topic_4,2,1.38,5,2025-06-08T08:49:00.547462,27
user_215,topic_1,2,7.59,8,2025-07-08T08:49:00.547469,20
user_216,topic_5,1,0.19,4,2025-06-13T08:49:00.547475,5
user_217,topic_2,9,5.28,2,2025-06-17T08:49:00.547482,10
user_218,topic_5,4,1.22,4,2025-07-10T08:49:00.547493,21
user_219,topic_1,7,0.63,8,2025-06-28T08:49:00.547500,18
user_220,topic_3,10,5.15,4,2025-06-21T08:49:00.547506,5
user_221,topic_4,6,0.02,6,2025-07-21T08:49:00.547513,19
user_222,topic_1,2,6.64,2,2025-07-03T08:49:00.547520,12
user_223,topic_4,8,5.44,9,2025-07-01T08:49:00.547527,1
user_224,topic_1,7,0.44,7,2025-07-13T08:49:00.547533,9
user_225,topic_1,5,7.89,6,2025-07-21T08:49:00.547540,24
user_226,topic_3,9,7.35,6,2025-07-28T08:49:00.547550,2
user_227,topic_4,8,3.39,3,2025-06-13T08:49:00.547557,25
user_228,topic_4,7,6.32,3,2025-08-01T08:49:00.547564,23
user_229,topic_1,0,2.93,1,2025-06-16T08:49:00.547572,7
user_230,topic_5,5,9.33,9,2025-07-11T08:49:00.547579,27
user_231,topic_1,7,2.53,4,2025-07-18T08:49:00.547585,12
user_232,topic_4,10,3.32,2,2025-06-15T08:49:00.547595,12
user_233,topic_4,6,7.43,7,2025-07-15T08:49:00.547608,6
user_234,topic_1,7,3.67,9,2025-07-19T08:49:00.547619,26
user_235,topic_5,6,0.79,10,2025-06-14T08:49:00.547626,6
user_236,topic_3,4,3.21,2,2025-07-16T08:49:00.547633,22
user_237,topic_4,4,4.46,7,2025-07-26T08:49:00.547639,23
user_238,topic_3,5,4.47,6,2025-06-27T08:49:00.547649,14
user_239,topic_4,10,9.8,1,2025-08-01T08:49:00.547661,22
user_240,topic_2,5,5.13,3,2025-06-06T08:49:00.547670,1
user_241,topic_1,9,6.78,8,2025-08-03T08:49:00.547682,5
user_242,topic_5,3,7.79,6,2025-07-13T08:49:00.547693,13
user_243,topic_3,0,6.05,8,2025-06-06T08:49:00.547704,12
user_244,topic_3,7,7.63,10,2025-07-28T08:49:00.547711,17
user_245,topic_1,6,3.14,5,2025-07-21T08:49:00.547721,4
user_246,topic_1,2,4.99,7,2025-06-08T08:49:00.547728,18
user_247,topic_3,4,7.75,8,2025-07-23T08:49:00.547735,20
user_248,topic_4,7,2.0,3,2025-06-12T08:49:00.547744,3
user_249,topic_3,2,8.99,8,2025-07-31T08:49:00.547751,26
user_250,topic_3,10,3.47,2,2025-07-01T08:49:00.547758,18
user_251,topic_5,4,8.51,3,2025-06-16T08:49:00.547771,12
user_252,topic_2,3,1.21,4,2025-06-16T08:49:00.547782,5
user_253,topic_4,7,0.26,9,2025-06-30T08:49:00.547794,12
user_254,topic_4,8,1.3,2,2025-08-01T08:49:00.547814,10
user_255,topic_1,7,5.26,7,2025-06-14T08:49:00.547821,19
user_256,topic_5,2,9.72,2,2025-07-08T08:49:00.547828,15
user_257,topic_2,5,1.28,9,2025-06-26T08:49:00.547835,19
user_258,topic_5,2,4.33,1,2025-06-13T08:49:00.547842,4
user_259,topic_2,2,3.04,3,2025-07-16T08:49:00.547849,30
user_260,topic_1,5,9.47,9,2025-06-09T08:49:00.547860,10
user_261,topic_3,4,1.96,9,2025-07-19T08:49:00.547878,5
user_262,topic_5,9,5.33,9,2025-06-25T08:49:00.547886,6
user_263,topic_5,9,1.54,10,2025-06-20T08:49:00.547902,29
user_264,topic_1,5,8.43,10,2025-08-03T08:49:00.547916,27
user_265,topic_2,1,0.45,10,2025-07-20T08:49:00.547923,21
user_266,topic_5,9,4.17,1,2025-07-05T08:49:00.547930,29
user_267,topic_4,4,6.42,5,2025-07-06T08:49:00.547937,8
user_268,topic_4,4,4.54,1,2025-07-26T08:49:00.547945,15
user_269,topic_3,7,4.64,6,2025-06-28T08:49:00.547952,5
user_270,topic_3,5,7.34,6,2025-07-11T08:49:00.547959,5
user_271,topic_1,8,5.62,6,2025-07-21T08:49:00.547970,15
user_272,topic_3,4,4.5,3,2025-07-30T08:49:00.547983,2
user_273,topic_2,6,8.64,7,2025-07-21T08:49:00.547995,28
user_274,topic_2,5,9.34,6,2025-07-24T08:49:00.548002,25
user_275,topic_3,7,9.96,8,2025-07-05T08:49:00.548008,29
user_276,topic_2,7,0.23,7,2025-07-04T08:49:00.548015,15
user_277,topic_4,3,5.83,1,2025-08-02T08:49:00.548022,10
user_278,topic_1,9,8.82,8,2025-07-18T08:49:00.548029,18
user_279,topic_4,1,4.31,5,2025-06-20T08:49:00.548036,12
user_280,topic_2,5,0.45,1,2025-06-30T08:49:00.548043,18
user_281,topic_4,5,5.53,2,2025-07-12T08:49:00.548053,17
user_282,topic_1,8,2.8,10,2025-06-23T08:49:00.548060,20
user_283,topic_3,2,9.75,7,2025-07-13T08:49:00.548067,26
user_284,topic_5,8,9.39,3,2025-07-24T08:49:00.548079,20
user_285,topic_3,6,5.0,1,2025-08-03T08:49:00.548091,5
user_286,topic_5,7,5.19,3,2025-06-28T08:49:00.548106,29
user_287,topic_4,2,3.28,10,2025-07-16T08:49:00.548113,6
user_288,topic_5,9,7.39,5,2025-06-29T08:49:00.548120,11
user_289,topic_1,8,5.32,10,2025-07-17T08:49:00.548130,16
user_290,topic_3,5,3.31,2,2025-07-10T08:49:00.548136,19
user_291,topic_5,10,0.27,8,2025-07-20T08:49:00.548144,21
user_292,topic_2,9,2.28,1,2025-06-29T08:49:00.548151,16
user_293,topic_4,8,6.29,10,2025-06-17T08:49:00.548165,27
user_294,topic_1,2,8.22,4,2025-08-03T08:49:00.548172,19
user_295,topic_4,3,0.19,6,2025-07-10T08:49:00.548179,5
user_296,topic_1,3,4.1,10,2025-06-08T08:49:00.548186,16
user_297,topic_4,2,5.19,9,2025-07-16T08:49:00.548193,22
user_298,topic_5,8,3.77,3,2025-07-07T08:49:00.548200,30
user_299,topic_2,5,5.46,5,2025-06-27T08:49:00.548207,16
user_300,topic_3,3,2.79,5,2025-07-22T08:49:00.548222,10
user_301,topic_3,3,6.9,8,2025-07-16T08:49:00.548234,16
user_302,topic_5,8,9.34,5,2025-07-18T08:49:00.548255,4
user_303,topic_2,10,5.43,7,2025-06-14T08:49:00.548266,12
user_304,topic_4,4,0.42,2,2025-07-14T08:49:00.548273,30
user_305,topic_5,10,2.56,8,2025-07-23T08:49:00.548282,7
user_306,topic_5,4,9.33,5,2025-07-28T08:49:00.548293,4
user_307,topic_5,9,2.39,1,2025-06-24T08:49:00.548305,29
user_308,topic_3,3,6.38,1,2025-07-30T08:49:00.548313,14
user_309,topic_2,7,1.01,3,2025-08-05T08:49:00.548320,18
user_310,topic_2,6,6.53,8,2025-07-06T08:49:00.548327,21
user_311,topic_1,4,3.21,1,2025-06-08T08:49:00.548334,25
user_312,topic_1,10,5.74,9,2025-06-19T08:49:00.548341,24
user_313,topic_1,2,4.18,3,2025-06-07T08:49:00.548348,30
user_314,topic_3,6,7.88,3,2025-06-07T08:49:00.548354,24
user_315,topic_3,0,0.09,10,2025-06-28T08:49:00.548363,4
user_316,topic_2,4,4.54,9,2025-07-03T08:49:00.548374,16
user_317,topic_3,8,4.68,4,2025-06-15T08:49:00.548381,4
user_318,topic_1,2,7.31,5,2025-06-21T08:49:00.548391,6
user_319,topic_2,5,7.91,10,2025-06-23T08:49:00.548398,25
user_320,topic_5,2,6.11,7,2025-06-14T08:49:00.548408,14
user_321,topic_4,5,0.87,2,2025-07-25T08:49:00.548420,5
user_322,topic_2,5,9.36,1,2025-07-20T08:49:00.548432,13
user_323,topic_5,7,7.54,6,2025-07-17T08:49:00.548441,19
user_324,topic_1,0,2.62,6,2025-06-22T08:49:00.548452,8
user_325,topic_5,10,1.18,5,2025-07-26T08:49:00.548460,13
user_326,topic_2,4,6.9,5,2025-07-13T08:49:00.548467,20
user_327,topic_5,3,9.57,8,2025-07-27T08:49:00.548474,15
user_328,topic_5,5,4.16,9,2025-06-08T08:49:00.548481,16
user_329,topic_5,10,8.26,4,2025-06-23T08:49:00.548488,25
user_330,topic_1,1,5.26,9,2025-06-21T08:49:00.548494,12
user_331,topic_2,9,1.12,9,2025-06-09T08:49:00.548501,17
user_332,topic_5,9,5.37,3,2025-07-16T08:49:00.548512,28
user_333,topic_4,7,1.16,4,2025-06-21T08:49:00.548524,19
user_334,topic_4,1,8.99,8,2025-06-15T08:49:00.548541,2
user_335,topic_5,2,5.13,8,2025-06-30T08:49:00.548728,2
user_336,topic_4,7,6.73,5,2025-06-20T08:49:00.548775,1
user_337,topic_1,4,8.16,4,2025-06-29T08:49:00.548869,3
user_338,topic_1,6,3.45,2,2025-07-02T08:49:00.548877,2
user_339,topic_2,7,0.32,7,2025-07-25T08:49:00.548885,25
user_340,topic_4,10,9.78,7,2025-07-13T08:49:00.548901,29
user_341,topic_5,7,8.7,7,2025-07-12T08:49:00.548915,3
user_342,topic_5,2,6.54,6,2025-07-29T08:49:00.548925,6
user_343,topic_1,6,5.29,4,2025-06-13T08:49:00.548934,1
user_344,topic_4,4,4.63,9,2025-07-09T08:49:00.548941,18
user_345,topic_2,3,2.48,6,2025-07-27T08:49:00.549094,9
user_346,topic_1,1,0.32,7,2025-06-27T08:49:00.549115,25
user_347,topic_4,3,2.06,2,2025-06-28T08:49:00.549123,2
user_348,topic_1,9,6.72,1,2025-07-21T08:49:00.549135,24
user_349,topic_1,6,4.39,9,2025-07-23T08:49:00.549163,25
user_350,topic_5,2,5.04,5,2025-07-22T08:49:00.549171,27
user_351,topic_2,5,5.77,6,2025-07-21T08:49:00.549178,10
user_352,topic_1,10,5.21,7,2025-07-17T08:49:00.549185,9
user_353,topic_4,8,9.49,3,2025-06-26T08:49:00.549195,22
user_354,topic_4,8,4.96,6,2025-06-06T08:49:00.549206,21
user_355,topic_3,8,3.19,7,2025-07-10T08:49:00.549213,5
user_356,topic_2,6,1.84,9,2025-07-06T08:49:00.549220,8
user_357,topic_1,4,8.58,3,2025-06-15T08:49:00.549229,15
user_358,topic_2,8,4.13,7,2025-07-01T08:49:00.549235,17
user_359,topic_1,6,2.43,4,2025-07-15T08:49:00.549242,21
user_360,topic_2,7,8.47,2,2025-07-02T08:49:00.549249,24
user_361,topic_1,0,2.68,10,2025-06-28T08:49:00.549256,2
user_362,topic_5,3,8.05,10,2025-06-20T08:49:00.549262,22
user_363,topic_1,3,4.79,6,2025-07-17T08:49:00.549269,30
user_364,topic_4,3,9.37,2,2025-06-19T08:49:00.549284,25
user_365,topic_2,3,6.96,4,2025-07-11T08:49:00.549291,30
user_366,topic_5,8,3.22,5,2025-07-12T08:49:00.549298,15
user_367,topic_4,10,3.59,5,2025-07-13T08:49:00.549308,17
user_368,topic_3,7,0.99,8,2025-06-18T08:49:00.549315,27
user_369,topic_2,3,3.71,7,2025-08-03T08:49:00.549322,19
user_370,topic_5,2,0.16,9,2025-06-07T08:49:00.549329,19
user_371,topic_4,6,2.95,4,2025-07-15T08:49:00.549336,8
user_372,topic_3,9,8.33,8,2025-07-01T08:49:00.549343,21
user_373,topic_4,4,7.63,8,2025-06-20T08:49:00.549352,21
user_374,topic_5,7,1.68,6,2025-07-26T08:49:00.549359,5
user_375,topic_5,7,1.84,9,2025-06-25T08:49:00.549366,2
user_376,topic_1,0,8.39,2,2025-06-06T08:49:00.549373,27
user_377,topic_2,0,4.12,4,2025-08-01T08:49:00.549382,23
user_378,topic_5,0,2.19,8,2025-07-13T08:49:00.549390,2
user_379,topic_4,10,6.67,10,2025-06-08T08:49:00.549397,16
user_380,topic_1,0,0.07,9,2025-07-10T08:49:00.549404,1
user_381,topic_5,8,7.22,9,2025-07-18T08:49:00.549411,1
user_382,topic_1,10,4.31,3,2025-07-30T08:49:00.549418,30
user_383,topic_3,8,1.49,4,2025-06-27T08:49:00.549425,17
user_384,topic_4,5,2.67,7,2025-07-31T08:49:00.549432,12
user_385,topic_1,7,5.65,4,2025-07-17T08:49:00.549439,22
user_386,topic_4,10,9.92,1,2025-07-31T08:49:00.549446,13
user_387,topic_2,6,5.53,1,2025-06-26T08:49:00.549453,1
user_388,topic_3,1,5.0,7,2025-06-25T08:49:00.549463,26
user_389,topic_1,9,9.77,2,2025-06-09T08:49:00.549474,17
user_390,topic_1,3,2.11,10,2025-07-06T08:49:00.549485,9
user_391,topic_5,1,6.84,5,2025-06-09T08:49:00.549498,18
user_392,topic_5,10,0.33,6,2025-08-04T08:49:00.549509,7
user_393,topic_3,2,7.52,7,2025-06-07T08:49:00.549516,3
user_394,topic_4,2,5.64,10,2025-06-13T08:49:00.549523,28
user_395,topic_2,10,8.97,6,2025-07-12T08:49:00.549530,25
user_396,topic_4,1,5.01,6,2025-08-02T08:49:00.549537,4
user_397,topic_5,3,8.39,6,2025-06-28T08:49:00.549552,25
user_398,topic_3,9,3.97,6,2025-08-04T08:49:00.549559,21
user_399,topic_4,7,4.91,6,2025-07-01T08:49:00.549566,13
user_400,topic_5,2,6.8,7,2025-07-31T08:49:00.549575,25
user_401,topic_2,4,7.98,2,2025-07-31T08:49:00.549587,9
user_402,topic_3,6,7.12,3,2025-06-19T08:49:00.549598,13
user_403,topic_4,5,1.07,1,2025-06-06T08:49:00.549610,10
user_404,topic_2,5,7.61,2,2025-07-28T08:49:00.549622,3
user_405,topic_1,6,4.49,9,2025-07-04T08:49:00.549632,14
user_406,topic_5,0,0.9,9,2025-07-31T08:49:00.549643,20
user_407,topic_4,5,8.64,1,2025-07-18T08:49:00.549655,14
user_408,topic_5,1,7.25,9,2025-06-09T08:49:00.549671,8
user_409,topic_3,8,1.7,7,2025-07-26T08:49:00.549685,5
user_410,topic_4,4,2.68,3,2025-08-01T08:49:00.549693,6
user_411,topic_3,4,4.21,8,2025-06-16T08:49:00.549700,3
user_412,topic_2,4,9.44,8,2025-06-28T08:49:00.549707,20
user_413,topic_3,7,1.07,5,2025-08-05T08:49:00.549714,13
user_414,topic_4,9,3.8,6,2025-07-08T08:49:00.549721,11
user_415,topic_5,10,9.74,3,2025-07-17T08:49:00.549728,11
user_416,topic_3,3,4.79,3,2025-07-11T08:49:00.549736,11
user_417,topic_3,10,4.91,10,2025-06-16T08:49:00.549743,8
user_418,topic_5,6,2.8,7,2025-07-13T08:49:00.549750,4
user_419,topic_5,3,5.92,9,2025-07-25T08:49:00.549756,22
user_420,topic_2,0,9.53,8,2025-06-06T08:49:00.549763,23
user_421,topic_4,7,7.98,2,2025-06-14T08:49:00.549771,28
user_422,topic_2,10,4.99,5,2025-07-21T08:49:00.549778,9
user_423,topic_4,6,7.89,2,2025-07-08T08:49:00.549785,20
user_424,topic_4,9,4.01,9,2025-06-07T08:49:00.549792,30
user_425,topic_5,8,0.37,6,2025-06-22T08:49:00.549799,29
user_426,topic_2,9,6.38,2,2025-07-30T08:49:00.549814,25
user_427,topic_1,10,6.65,3,2025-06-25T08:49:00.549825,20
user_428,topic_4,9,9.84,7,2025-06-18T08:49:00.549842,11
user_429,topic_5,1,0.11,5,2025-07-22T08:49:00.549854,17
user_430,topic_3,8,5.81,10,2025-07-22T08:49:00.549869,15
user_431,topic_2,6,4.63,10,2025-06-22T08:49:00.549880,17
user_432,topic_4,5,9.98,8,2025-07-30T08:49:00.549887,10
user_433,topic_3,1,1.16,3,2025-07-14T08:49:00.549894,10
user_434,topic_4,7,7.84,9,2025-07-06T08:49:00.549900,12
user_435,topic_3,1,4.38,8,2025-07-16T08:49:00.549907,3
user_436,topic_3,0,8.1,2,2025-08-04T08:49:00.549914,28
user_437,topic_2,10,1.09,3,2025-06-07T08:49:00.549920,24
user_438,topic_4,8,1.74,3,2025-07-15T08:49:00.549927,18
user_439,topic_2,7,2.32,7,2025-06-26T08:49:00.549935,6
user_440,topic_5,10,6.57,7,2025-08-04T08:49:00.549941,24
user_441,topic_2,3,4.5,7,2025-07-12T08:49:00.549948,1
user_442,topic_5,3,2.78,2,2025-06-30T08:49:00.549965,4
user_443,topic_3,2,3.66,4,2025-07-07T08:49:00.549974,4
user_444,topic_5,10,8.63,9,2025-06-26T08:49:00.549984,11
user_445,topic_3,6,6.11,10,2025-07-29T08:49:00.549991,12
user_446,topic_5,7,6.17,5,2025-06-08T08:49:00.550002,20
user_447,topic_3,1,6.72,6,2025-07-29T08:49:00.550008,8
user_448,topic_4,1,1.83,3,2025-07-04T08:49:00.550015,13
user_449,topic_4,9,1.38,7,2025-07-09T08:49:00.550022,6
user_450,topic_4,10,5.37,3,2025-07-01T08:49:00.550029,6
user_451,topic_5,4,1.4,6,2025-06-13T08:49:00.550036,15
user_452,topic_2,0,8.66,1,2025-07-05T08:49:00.550045,5
user_453,topic_4,6,9.64,9,2025-06-25T08:49:00.550060,16
user_454,topic_1,10,4.92,8,2025-07-05T08:49:00.550067,6
user_455,topic_3,9,0.31,4,2025-07-18T08:49:00.550073,2
user_456,topic_5,3,5.38,3,2025-06-17T08:49:00.550080,15
user_457,topic_3,7,5.5,2,2025-06-30T08:49:00.550094,4
user_458,topic_1,8,8.23,6,2025-07-02T08:49:00.550101,27
user_459,topic_2,7,5.46,7,2025-07-30T08:49:00.550108,24
user_460,topic_3,4,8.75,1,2025-07-08T08:49:00.550115,9
user_461,topic_2,1,4.39,2,2025-06-17T08:49:00.550122,26
user_462,topic_5,3,8.11,10,2025-06-22T08:49:00.550129,12
user_463,topic_2,10,4.28,10,2025-07-28T08:49:00.550136,26
user_464,topic_3,3,8.05,10,2025-07-14T08:49:00.550146,18
user_465,topic_3,9,5.39,6,2025-06-21T08:49:00.550153,10
user_466,topic_1,9,2.67,9,2025-06-09T08:49:00.550160,22
user_467,topic_3,2,9.63,7,2025-06-08T08:49:00.550171,2
user_468,topic_3,10,1.27,3,2025-07-21T08:49:00.550184,5
user_469,topic_5,3,7.61,7,2025-07-05T08:49:00.550198,5
user_470,topic_1,10,2.69,7,2025-07-12T08:49:00.550205,15
user_471,topic_3,10,7.95,2,2025-07-11T08:49:00.550211,17
user_472,topic_1,5,4.55,8,2025-07-16T08:49:00.550219,19
user_473,topic_3,1,7.31,8,2025-06-26T08:49:00.550231,22
user_474,topic_2,1,7.96,7,2025-07-23T08:49:00.550242,14
user_475,topic_5,7,2.69,5,2025-07-15T08:49:00.550249,18
user_476,topic_1,2,5.66,8,2025-06-16T08:49:00.550256,11
user_477,topic_2,0,1.0,8,2025-08-04T08:49:00.550263,4
user_478,topic_2,7,4.57,7,2025-07-24T08:49:00.550270,23
user_479,topic_3,10,3.02,5,2025-07-31T08:49:00.550278,21
user_480,topic_3,4,0.82,3,2025-08-02T08:49:00.550285,13
user_481,topic_1,3,4.29,2,2025-06-21T08:49:00.550292,4
user_482,topic_5,3,4.77,3,2025-06-29T08:49:00.550302,8
user_483,topic_1,10,4.45,1,2025-06-22T08:49:00.550309,11
user_484,topic_4,6,6.94,8,2025-08-01T08:49:00.550315,8
user_485,topic_3,1,7.31,2,2025-07-30T08:49:00.550323,11
user_486,topic_2,4,1.37,3,2025-06-25T08:49:00.550331,22
user_487,topic_2,1,5.31,1,2025-06-27T08:49:00.550338,21
user_488,topic_2,7,3.51,4,2025-06-26T08:49:00.550345,24
user_489,topic_1,6,6.16,8,2025-06-11T08:49:00.550352,7
user_490,topic_4,1,1.4,2,2025-06-29T08:49:00.550358,24
user_491,topic_2,5,9.63,6,2025-06-16T08:49:00.550365,5
user_492,topic_5,4,6.45,4,2025-07-01T08:49:00.550372,20
user_493,topic_3,9,2.85,1,2025-06-12T08:49:00.550379,28
user_494,topic_4,3,5.18,9,2025-07-24T08:49:00.550389,24
user_495,topic_1,4,6.46,4,2025-07-05T08:49:00.550399,13
user_496,topic_1,3,5.0,10,2025-08-01T08:49:00.550406,17
user_497,topic_5,5,9.34,3,2025-07-12T08:49:00.550413,28
user_498,topic_1,6,3.65,3,2025-06-18T08:49:00.550420,16
user_499,topic_1,0,5.87,1,2025-07-20T08:49:00.550427,7
user_500,topic_5,0,9.49,7,2025-07-04T08:49:00.550433,10
user_501,topic_5,6,4.24,7,2025-07-31T08:49:00.550443,21
user_502,topic_1,8,6.16,5,2025-07-31T08:49:00.550450,10
user_503,topic_4,8,9.21,3,2025-07-02T08:49:00.550456,11
user_504,topic_4,9,6.34,2,2025-07-17T08:49:00.550463,23
user_505,topic_1,3,0.58,2,2025-06-07T08:49:00.550470,14
user_506,topic_2,7,6.12,1,2025-07-17T08:49:00.550478,22
user_507,topic_2,1,0.13,3,2025-06-22T08:49:00.550485,1
user_508,topic_3,7,9.53,9,2025-07-03T08:49:00.550492,26
user_509,topic_1,2,3.72,5,2025-06-20T08:49:00.550499,29
user_510,topic_1,0,3.35,7,2025-07-19T08:49:00.550506,17
user_511,topic_4,4,7.12,10,2025-06-26T08:49:00.550512,3
user_512,topic_5,7,5.11,1,2025-07-05T08:49:00.550519,28
user_513,topic_5,2,3.68,5,2025-06-17T08:49:00.550528,4
user_514,topic_1,10,7.23,4,2025-06-19T08:49:00.550536,17
user_515,topic_4,0,8.59,1,2025-07-21T08:49:00.550543,2
user_516,topic_1,5,3.83,3,2025-07-25T08:49:00.550558,30
user_517,topic_2,8,8.03,7,2025-07-22T08:49:00.550576,11
user_518,topic_1,6,9.16,6,2025-07-19T08:49:00.550583,27
user_519,topic_1,9,3.73,9,2025-06-23T08:49:00.550593,29
user_520,topic_1,2,2.23,9,2025-08-03T08:49:00.550599,13
user_521,topic_5,7,8.66,5,2025-07-16T08:49:00.550607,3
user_522,topic_3,7,0.08,4,2025-07-18T08:49:00.550614,19
user_523,topic_2,9,2.43,6,2025-06-29T08:49:00.550621,16
user_524,topic_4,8,7.6,4,2025-07-27T08:49:00.550628,1
user_525,topic_1,0,2.33,6,2025-06-26T08:49:00.550635,27
user_526,topic_3,5,0.01,7,2025-06-12T08:49:00.550642,24
user_527,topic_1,1,2.05,4,2025-07-10T08:49:00.550649,16
user_528,topic_2,2,7.12,2,2025-08-03T08:49:00.550657,30
user_529,topic_1,8,4.13,6,2025-07-07T08:49:00.550664,24
user_530,topic_4,9,0.96,3,2025-06-26T08:49:00.550674,27
user_531,topic_2,1,5.92,1,2025-07-09T08:49:00.550685,22
user_532,topic_4,3,2.92,6,2025-06-07T08:49:00.550698,26
user_533,topic_2,5,3.18,5,2025-07-22T08:49:00.550721,3
user_534,topic_1,2,7.8,10,2025-07-30T08:49:00.550730,5
user_535,topic_5,2,4.5,6,2025-07-10T08:49:00.550737,4
user_536,topic_4,5,9.65,4,2025-07-08T08:49:00.550744,10
user_537,topic_3,4,8.52,2,2025-07-26T08:49:00.550759,26
user_538,topic_2,9,0.4,6,2025-07-27T08:49:00.550767,3
user_539,topic_3,5,3.96,1,2025-06-23T08:49:00.550774,10
user_540,topic_5,2,0.31,7,2025-06-12T08:49:00.550781,15
user_541,topic_2,8,2.5,8,2025-07-30T08:49:00.550787,26
user_542,topic_4,1,0.12,4,2025-07-28T08:49:00.550795,7
user_543,topic_3,5,6.86,2,2025-06-29T08:49:00.550801,19
user_544,topic_4,1,0.22,2,2025-07-24T08:49:00.550808,29
user_545,topic_4,2,0.92,6,2025-07-29T08:49:00.550818,2
user_546,topic_4,0,1.68,10,2025-07-09T08:49:00.550825,27
user_547,topic_2,7,0.29,7,2025-07-25T08:49:00.550832,12
user_548,topic_1,2,2.75,8,2025-06-10T08:49:00.550841,5
user_549,topic_4,9,6.19,4,2025-06-25T08:49:00.550849,10
user_550,topic_3,6,8.83,8,2025-08-02T08:49:00.550856,3
user_551,topic_5,6,1.37,4,2025-06-25T08:49:00.550862,29
user_552,topic_4,3,6.31,9,2025-06-16T08:49:00.550869,1
user_553,topic_5,5,4.8,8,2025-07-14T08:49:00.550876,30
user_554,topic_3,8,3.22,5,2025-07-25T08:49:00.550883,1
user_555,topic_4,9,2.19,5,2025-08-02T08:49:00.550890,26
user_556,topic_1,8,3.57,10,2025-07-22T08:49:00.550904,6
user_557,topic_1,3,6.57,5,2025-07-02T08:49:00.550916,27
user_558,topic_2,3,5.76,7,2025-07-14T08:49:00.550938,30
user_559,topic_3,2,2.37,6,2025-06-15T08:49:00.550949,24
user_560,topic_5,9,0.28,6,2025-06-06T08:49:00.550956,19
user_561,topic_4,2,5.63,4,2025-06-13T08:49:00.550963,26
user_562,topic_1,8,3.09,8,2025-08-03T08:49:00.550969,3
user_563,topic_1,3,6.02,1,2025-07-03T08:49:00.550976,16
user_564,topic_3,5,9.18,4,2025-06-15T08:49:00.550983,5
user_565,topic_2,2,9.19,6,2025-08-02T08:49:00.550990,1
user_566,topic_5,9,7.05,3,2025-06-17T08:49:00.550998,4
user_567,topic_4,5,9.61,6,2025-06-21T08:49:00.551005,22
user_568,topic_2,9,1.01,5,2025-07-16T08:49:00.551011,5
user_569,topic_2,6,7.92,8,2025-06-25T08:49:00.551018,11
user_570,topic_2,8,6.94,10,2025-06-16T08:49:00.551026,12
user_571,topic_3,10,5.89,3,2025-07-12T08:49:00.551033,10
user_572,topic_5,2,1.78,1,2025-06-06T08:49:00.551043,23
user_573,topic_5,6,8.51,10,2025-08-03T08:49:00.551050,6
user_574,topic_5,5,9.21,10,2025-07-22T08:49:00.551060,21
user_575,topic_1,1,9.37,3,2025-07-15T08:49:00.551067,24
user_576,topic_1,3,3.47,6,2025-07-26T08:49:00.551073,21
user_577,topic_3,10,6.39,6,2025-07-08T08:49:00.551080,1
user_578,topic_1,3,2.5,2,2025-07-14T08:49:00.551087,9
user_579,topic_2,0,0.48,8,2025-06-20T08:49:00.551094,14
user_580,topic_4,6,4.93,7,2025-07-14T08:49:00.551104,18
user_581,topic_2,1,8.29,10,2025-06-25T08:49:00.551111,25
user_582,topic_3,2,4.51,1,2025-07-18T08:49:00.551119,1
user_583,topic_4,4,9.52,2,2025-07-15T08:49:00.551126,6
user_584,topic_1,2,7.32,9,2025-06-06T08:49:00.551133,29
user_585,topic_1,5,5.94,10,2025-06-09T08:49:00.551140,16
user_586,topic_4,6,9.42,3,2025-06-28T08:49:00.551146,29
user_587,topic_4,2,0.54,6,2025-07-23T08:49:00.551153,7
user_588,topic_3,8,7.22,9,2025-07-20T08:49:00.551160,22
user_589,topic_5,4,2.38,1,2025-07-11T08:49:00.551167,19
user_590,topic_1,7,1.54,6,2025-08-05T08:49:00.551173,14
user_591,topic_1,4,8.24,10,2025-07-06T08:49:00.551180,7
user_592,topic_1,0,2.07,5,2025-07-31T08:49:00.551191,16
user_593,topic_3,4,7.85,8,2025-07-05T08:49:00.551199,29
user_594,topic_4,1,6.42,7,2025-07-25T08:49:00.551206,12
user_595,topic_4,5,1.87,1,2025-07-20T08:49:00.551213,15
user_596,topic_2,4,2.26,5,2025-06-30T08:49:00.551223,2
user_597,topic_4,10,0.97,6,2025-06-15T08:49:00.551351,18
user_598,topic_5,9,2.28,1,2025-06-13T08:49:00.551360,13
user_599,topic_2,6,9.66,8,2025-06-30T08:49:00.551367,29
user_600,topic_1,7,2.99,7,2025-06-09T08:49:00.551374,28
user_601,topic_5,8,5.71,9,2025-06-15T08:49:00.551380,19
user_602,topic_2,2,1.2,8,2025-07-25T08:49:00.551387,6
user_603,topic_4,3,1.26,7,2025-07-31T08:49:00.551395,22
user_604,topic_3,3,9.97,3,2025-06-13T08:49:00.551402,20
user_605,topic_5,5,9.11,2,2025-07-31T08:49:00.551408,13
user_606,topic_1,6,5.52,5,2025-07-03T08:49:00.551415,15
user_607,topic_2,9,5.88,7,2025-07-29T08:49:00.551422,14
user_608,topic_1,2,5.67,10,2025-06-18T08:49:00.551429,4
user_609,topic_3,9,7.8,5,2025-06-11T08:49:00.551437,18
user_610,topic_4,6,2.64,8,2025-06-30T08:49:00.551448,20
user_611,topic_5,0,1.72,7,2025-07-27T08:49:00.551457,20
user_612,topic_3,10,6.94,1,2025-07-11T08:49:00.551464,29
user_613,topic_3,3,0.49,8,2025-06-08T08:49:00.551471,9
user_614,topic_4,0,3.38,5,2025-07-17T08:49:00.551478,9
user_615,topic_4,10,0.98,4,2025-07-28T08:49:00.551485,10
user_616,topic_1,5,2.69,7,2025-06-28T08:49:00.551493,21
user_617,topic_5,3,4.42,7,2025-06-19T08:49:00.551500,16
user_618,topic_1,5,8.21,9,2025-06-16T08:49:00.551506,6
user_619,topic_5,4,7.1,7,2025-07-28T08:49:00.551513,25
user_620,topic_2,9,0.29,4,2025-06-10T08:49:00.551520,27
user_621,topic_3,0,2.49,8,2025-08-02T08:49:00.551527,30
user_622,topic_1,3,2.74,8,2025-07-04T08:49:00.551534,13
user_623,topic_4,10,0.31,6,2025-07-05T08:49:00.551541,20
user_624,topic_3,2,9.61,8,2025-06-29T08:49:00.551548,18
user_625,topic_1,5,1.64,5,2025-06-19T08:49:00.551554,27
user_626,topic_5,4,0.27,1,2025-07-26T08:49:00.551562,28
user_627,topic_3,3,8.57,4,2025-06-23T08:49:00.551569,7
user_628,topic_1,10,4.1,1,2025-06-11T08:49:00.551576,25
user_629,topic_1,7,9.12,3,2025-06-28T08:49:00.551586,26
user_630,topic_3,3,2.52,5,2025-06-21T08:49:00.551593,23
user_631,topic_2,6,8.95,6,2025-07-07T08:49:00.551600,9
user_632,topic_4,7,3.02,9,2025-06-14T08:49:00.551608,20
user_633,topic_3,9,1.02,9,2025-06-24T08:49:00.551614,27
user_634,topic_1,8,6.47,10,2025-07-18T08:49:00.551624,10
user_635,topic_3,7,0.64,5,2025-06-26T08:49:00.551635,11
user_636,topic_5,4,6.56,5,2025-07-24T08:49:00.551656,5
user_637,topic_3,3,9.0,10,2025-07-11T08:49:00.551663,22
user_638,topic_3,10,1.4,1,2025-06-25T08:49:00.551670,16
user_639,topic_1,4,9.07,7,2025-07-12T08:49:00.551676,24
user_640,topic_3,9,7.08,10,2025-06-14T08:49:00.551683,7
user_641,topic_3,3,6.86,8,2025-06-08T08:49:00.551690,22
user_642,topic_5,8,3.0,3,2025-06-13T08:49:00.551702,22
user_643,topic_3,2,2.94,8,2025-07-28T08:49:00.551709,24
user_644,topic_3,8,7.63,3,2025-06-06T08:49:00.551716,22
user_645,topic_3,10,0.89,6,2025-07-22T08:49:00.551722,24
user_646,topic_5,6,7.88,6,2025-07-13T08:49:00.551729,9
user_647,topic_5,4,4.64,2,2025-07-06T08:49:00.551739,2
user_648,topic_2,9,9.44,2,2025-07-06T08:49:00.551750,29
user_649,topic_4,8,1.2,7,2025-07-03T08:49:00.551763,10
user_650,topic_3,0,8.71,3,2025-07-28T08:49:00.551774,7
user_651,topic_2,6,9.87,8,2025-07-27T08:49:00.551786,11
user_652,topic_1,1,4.88,3,2025-07-16T08:49:00.551799,21
user_653,topic_2,0,4.52,4,2025-06-18T08:49:00.551806,25
user_654,topic_1,9,7.64,8,2025-06-16T08:49:00.551814,25
user_655,topic_4,2,6.14,7,2025-07-11T08:49:00.551821,14
user_656,topic_3,6,0.05,9,2025-07-24T08:49:00.551827,24
user_657,topic_1,0,8.92,9,2025-07-24T08:49:00.551834,1
user_658,topic_3,10,7.34,4,2025-06-22T08:49:00.551841,29
user_659,topic_3,4,1.29,7,2025-07-04T08:49:00.551848,19
user_660,topic_4,2,0.65,1,2025-07-17T08:49:00.551854,10
user_661,topic_2,8,5.96,6,2025-07-09T08:49:00.551861,29
user_662,topic_2,5,9.96,8,2025-07-14T08:49:00.551868,25
user_663,topic_2,2,9.48,7,2025-08-04T08:49:00.552012,8
user_664,topic_2,2,2.11,1,2025-06-29T08:49:00.552028,17
user_665,topic_3,1,3.67,1,2025-07-12T08:49:00.552040,29
user_666,topic_1,8,6.23,10,2025-08-02T08:49:00.552079,22
user_667,topic_4,10,8.36,1,2025-06-22T08:49:00.552086,4
user_668,topic_2,7,3.8,9,2025-07-20T08:49:00.552093,16
user_669,topic_1,3,6.95,1,2025-07-17T08:49:00.552111,14
user_670,topic_2,10,5.2,10,2025-06-28T08:49:00.552118,23
user_671,topic_5,6,8.31,2,2025-07-04T08:49:00.552125,24
user_672,topic_5,1,2.83,2,2025-07-05T08:49:00.552132,7
user_673,topic_4,3,7.78,9,2025-07-24T08:49:00.552140,12
user_674,topic_2,4,1.6,9,2025-07-05T08:49:00.552147,30
user_675,topic_1,7,3.31,1,2025-08-05T08:49:00.552156,22
user_676,topic_5,1,8.35,8,2025-07-27T08:49:00.552163,3
user_677,topic_2,1,7.24,2,2025-06-09T08:49:00.552170,9
user_678,topic_1,7,9.89,5,2025-07-20T08:49:00.552177,15
user_679,topic_3,1,8.13,1,2025-06-12T08:49:00.552184,10
user_680,topic_1,10,3.13,2,2025-07-30T08:49:00.552191,28
user_681,topic_4,0,8.52,3,2025-07-15T08:49:00.552199,12
user_682,topic_3,9,2.68,2,2025-07-13T08:49:00.552206,27
user_683,topic_4,2,1.14,7,2025-07-07T08:49:00.552213,9
user_684,topic_1,7,8.0,3,2025-07-29T08:49:00.552224,5
user_685,topic_5,2,1.04,10,2025-07-06T08:49:00.552235,26
user_686,topic_3,10,4.38,10,2025-07-12T08:49:00.552242,25
user_687,topic_4,9,0.29,3,2025-07-06T08:49:00.552249,30
user_688,topic_3,1,8.88,8,2025-08-03T08:49:00.552256,3
user_689,topic_5,10,3.14,9,2025-06-17T08:49:00.552263,24
user_690,topic_5,9,2.24,6,2025-07-03T08:49:00.552274,17
user_691,topic_4,1,4.33,4,2025-07-06T08:49:00.552286,12
user_692,topic_1,2,8.39,9,2025-06-09T08:49:00.552309,20
user_693,topic_4,0,6.43,3,2025-07-04T08:49:00.552318,28
user_694,topic_3,7,8.69,2,2025-06-18T08:49:00.552325,16
user_695,topic_2,3,3.31,5,2025-08-02T08:49:00.552332,17
user_696,topic_1,8,6.43,7,2025-06-14T08:49:00.552340,8
user_697,topic_4,7,4.44,10,2025-07-08T08:49:00.552347,3
user_698,topic_1,7,3.16,8,2025-06-19T08:49:00.552353,21
user_699,topic_1,1,4.03,1,2025-07-01T08:49:00.552369,18
user_700,topic_5,1,7.92,10,2025-06-26T08:49:00.552380,10
user_701,topic_3,8,2.07,8,2025-06-06T08:49:00.552387,11
user_702,topic_5,0,8.17,8,2025-07-15T08:49:00.552397,18
user_703,topic_1,9,4.73,6,2025-06-21T08:49:00.552408,15
user_704,topic_3,1,7.59,4,2025-08-05T08:49:00.552420,11
user_705,topic_3,10,9.64,5,2025-07-01T08:49:00.552429,17
user_706,topic_4,1,0.46,3,2025-07-05T08:49:00.552439,5
user_707,topic_4,1,2.54,4,2025-07-24T08:49:00.552457,4
user_708,topic_1,3,4.57,4,2025-06-21T08:49:00.552468,11
user_709,topic_4,6,0.47,10,2025-07-29T08:49:00.552481,25
user_710,topic_1,7,6.58,9,2025-07-28T08:49:00.552488,16
user_711,topic_5,8,7.36,9,2025-06-07T08:49:00.552494,14
user_712,topic_2,7,9.24,3,2025-06-22T08:49:00.552501,19
user_713,topic_3,2,1.04,10,2025-06-28T08:49:00.552508,29
user_714,topic_2,8,8.81,7,2025-06-28T08:49:00.552515,30
user_715,topic_2,4,3.98,6,2025-07-18T08:49:00.552535,15
user_716,topic_5,2,4.13,9,2025-07-17T08:49:00.552552,27
user_717,topic_2,5,7.12,9,2025-06-26T08:49:00.552565,7
user_718,topic_2,3,6.24,5,2025-06-23T08:49:00.552574,12
user_719,topic_3,10,9.75,3,2025-07-04T08:49:00.552581,18
user_720,topic_5,1,7.61,9,2025-07-06T08:49:00.552591,19
user_721,topic_4,10,7.1,9,2025-07-18T08:49:00.552598,29
user_722,topic_1,0,5.23,1,2025-07-12T08:49:00.552605,5
user_723,topic_2,10,0.57,5,2025-06-18T08:49:00.552613,26
user_724,topic_3,4,6.83,3,2025-06-13T08:49:00.552620,2
user_725,topic_4,3,7.54,1,2025-07-14T08:49:00.552627,27
user_726,topic_5,1,6.16,9,2025-06-11T08:49:00.552634,8
user_727,topic_1,6,2.38,5,2025-06-22T08:49:00.552644,22
user_728,topic_1,6,3.88,6,2025-07-01T08:49:00.552651,2
user_729,topic_3,4,2.03,8,2025-06-13T08:49:00.552658,8
user_730,topic_2,9,5.47,10,2025-07-24T08:49:00.552665,25
user_731,topic_5,4,4.49,2,2025-07-25T08:49:00.552672,6
user_732,topic_3,1,3.77,7,2025-07-19T08:49:00.552679,18
user_733,topic_4,2,1.61,5,2025-08-05T08:49:00.552686,11
user_734,topic_5,2,0.4,6,2025-06-28T08:49:00.552693,2
user_735,topic_1,10,3.01,10,2025-07-01T08:49:00.552700,12
user_736,topic_5,5,5.25,3,2025-07-03T08:49:00.552707,3
user_737,topic_3,2,4.16,9,2025-07-11T08:49:00.552714,3
user_738,topic_3,3,8.83,6,2025-07-15T08:49:00.552724,12
user_739,topic_5,3,9.5,10,2025-07-03T08:49:00.552735,16
user_740,topic_5,10,0.09,6,2025-07-08T08:49:00.552747,8
user_741,topic_3,9,2.44,1,2025-06-23T08:49:00.552759,29
user_742,topic_5,6,9.16,2,2025-07-12T08:49:00.552781,9
user_743,topic_3,4,0.25,9,2025-06-14T08:49:00.552908,25
user_744,topic_3,8,8.03,8,2025-07-05T08:49:00.552921,2
user_745,topic_2,10,1.93,9,2025-07-31T08:49:00.552928,4
user_746,topic_2,8,5.33,2,2025-07-23T08:49:00.552934,22
user_747,topic_4,10,4.24,2,2025-07-23T08:49:00.552943,18
user_748,topic_2,10,8.17,2,2025-06-19T08:49:00.552953,22
user_749,topic_1,0,4.59,6,2025-08-03T08:49:00.552966,3
user_750,topic_5,0,1.78,5,2025-07-01T08:49:00.552975,3
user_751,topic_4,3,9.11,7,2025-07-12T08:49:00.552982,15
user_752,topic_5,6,3.16,7,2025-06-23T08:49:00.552989,4
user_753,topic_5,0,6.41,10,2025-08-01T08:49:00.552997,25
user_754,topic_5,0,7.01,2,2025-07-14T08:49:00.553003,30
user_755,topic_3,1,2.9,5,2025-06-28T08:49:00.553010,3
user_756,topic_5,7,3.81,1,2025-07-06T08:49:00.553017,6
user_757,topic_5,3,1.36,7,2025-06-16T08:49:00.553030,26
user_758,topic_3,4,9.6,3,2025-07-17T08:49:00.553037,22
user_759,topic_1,0,5.54,9,2025-07-27T08:49:00.553044,4
user_760,topic_1,0,5.73,7,2025-07-02T08:49:00.553053,18
user_761,topic_5,4,2.1,6,2025-07-23T08:49:00.553067,14
user_762,topic_3,2,1.61,4,2025-06-27T08:49:00.553079,27
user_763,topic_5,3,1.15,10,2025-06-12T08:49:00.553098,2
user_764,topic_1,7,6.45,2,2025-07-18T08:49:00.553107,22
user_765,topic_3,4,0.98,10,2025-07-05T08:49:00.553113,11
user_766,topic_5,2,6.71,4,2025-07-30T08:49:00.553121,10
user_767,topic_3,1,9.0,6,2025-07-05T08:49:00.553133,15
user_768,topic_5,9,6.59,10,2025-07-27T08:49:00.553146,19
user_769,topic_3,5,8.08,7,2025-07-26T08:49:00.553155,1
user_770,topic_3,3,7.86,7,2025-07-19T08:49:00.553173,27
user_771,topic_4,2,6.8,6,2025-06-10T08:49:00.553187,16
user_772,topic_1,7,3.59,5,2025-07-05T08:49:00.553194,18
user_773,topic_2,2,6.46,2,2025-06-13T08:49:00.553201,9
user_774,topic_1,8,1.96,2,2025-06-20T08:49:00.553208,3
user_775,topic_5,8,6.32,10,2025-06-29T08:49:00.553218,13
user_776,topic_5,3,9.06,9,2025-07-20T08:49:00.553225,18
user_777,topic_2,7,6.54,3,2025-07-13T08:49:00.553232,13
user_778,topic_5,9,7.33,5,2025-07-28T08:49:00.553242,15
user_779,topic_2,8,0.91,6,2025-07-04T08:49:00.553255,1
user_780,topic_2,9,6.84,9,2025-07-28T08:49:00.553264,15
user_781,topic_2,2,5.66,10,2025-06-24T08:49:00.553271,28
user_782,topic_4,7,9.39,1,2025-07-22T08:49:00.553280,25
user_783,topic_2,3,0.63,6,2025-07-22T08:49:00.553286,2
user_784,topic_4,8,9.08,6,2025-07-12T08:49:00.553293,16
user_785,topic_5,0,0.4,6,2025-07-30T08:49:00.553301,23
user_786,topic_5,10,8.3,5,2025-06-29T08:49:00.553308,18
user_787,topic_1,2,3.77,7,2025-07-13T08:49:00.553315,19
user_788,topic_3,8,2.52,4,2025-07-03T08:49:00.553325,13
user_789,topic_1,5,4.87,8,2025-06-10T08:49:00.553338,20
user_790,topic_1,8,8.82,8,2025-07-26T08:49:00.553348,8
user_791,topic_2,8,6.43,4,2025-07-27T08:49:00.553359,6
user_792,topic_4,5,6.02,2,2025-06-24T08:49:00.553366,8
user_793,topic_4,5,7.2,8,2025-06-23T08:49:00.553376,16
user_794,topic_1,3,5.91,7,2025-08-04T08:49:00.553383,8
user_795,topic_5,2,5.73,3,2025-07-28T08:49:00.553389,21
user_796,topic_3,0,8.91,3,2025-08-02T08:49:00.553396,6
user_797,topic_1,2,5.17,7,2025-06-28T08:49:00.553403,19
user_798,topic_5,10,8.21,2,2025-07-23T08:49:00.553410,15
user_799,topic_4,7,8.67,3,2025-07-22T08:49:00.553417,27
user_800,topic_2,9,1.43,10,2025-06-14T08:49:00.553424,25
user_801,topic_3,9,6.6,5,2025-07-26T08:49:00.553433,24
user_802,topic_4,7,5.97,2,2025-07-22T08:49:00.553440,13
user_803,topic_5,2,1.09,4,2025-07-03T08:49:00.553448,28
user_804,topic_2,10,4.2,3,2025-06-28T08:49:00.553460,4
user_805,topic_5,7,9.02,10,2025-08-03T08:49:00.553472,29
user_806,topic_2,8,7.52,2,2025-07-06T08:49:00.553480,22
user_807,topic_4,9,5.39,1,2025-06-09T08:49:00.553487,25
user_808,topic_4,8,4.21,1,2025-06-22T08:49:00.553494,17
user_809,topic_4,3,9.38,8,2025-06-16T08:49:00.553501,25
user_810,topic_2,5,5.89,10,2025-07-30T08:49:00.553508,14
user_811,topic_1,4,4.77,4,2025-06-08T08:49:00.553514,28
user_812,topic_2,4,5.98,9,2025-07-10T08:49:00.553525,9
user_813,topic_1,0,7.09,1,2025-06-30T08:49:00.553534,17
user_814,topic_3,8,0.07,4,2025-06-22T08:49:00.553541,26
user_815,topic_5,6,3.62,3,2025-07-09T08:49:00.553548,21
user_816,topic_3,4,2.61,9,2025-07-09T08:49:00.553556,19
user_817,topic_4,9,2.76,7,2025-06-18T08:49:00.553563,7
user_818,topic_5,8,7.84,8,2025-07-25T08:49:00.553570,12
user_819,topic_4,8,4.84,5,2025-06-30T08:49:00.553577,12
user_820,topic_4,2,8.55,2,2025-06-19T08:49:00.553585,8
user_821,topic_3,2,1.0,9,2025-07-11T08:49:00.553592,26
user_822,topic_1,8,6.14,1,2025-07-26T08:49:00.553599,13
user_823,topic_4,1,8.23,8,2025-06-07T08:49:00.553605,20
user_824,topic_5,1,0.64,4,2025-07-13T08:49:00.553620,3
user_825,topic_5,0,7.24,7,2025-06-27T08:49:00.553627,21
user_826,topic_2,4,7.12,10,2025-08-02T08:49:00.553634,25
user_827,topic_5,10,4.94,1,2025-07-24T08:49:00.553640,28
user_828,topic_2,4,1.95,10,2025-07-04T08:49:00.553652,17
user_829,topic_1,9,1.69,1,2025-07-13T08:49:00.553659,8
user_830,topic_3,2,0.87,5,2025-06-17T08:49:00.553668,13
user_831,topic_1,10,3.95,10,2025-07-24T08:49:00.553675,17
user_832,topic_5,1,9.19,9,2025-07-18T08:49:00.553682,24
user_833,topic_2,9,3.48,5,2025-07-22T08:49:00.553689,20
user_834,topic_2,7,9.3,10,2025-08-05T08:49:00.553699,9
user_835,topic_3,6,5.06,9,2025-08-01T08:49:00.553706,17
user_836,topic_5,5,9.47,9,2025-07-20T08:49:00.553712,29
user_837,topic_4,9,2.5,8,2025-07-12T08:49:00.553719,19
user_838,topic_5,3,7.57,8,2025-06-23T08:49:00.553726,15
user_839,topic_2,0,4.82,5,2025-08-01T08:49:00.553732,13
user_840,topic_5,10,7.01,6,2025-07-10T08:49:00.553740,12
user_841,topic_1,8,0.1,5,2025-07-21T08:49:00.553752,10
user_842,topic_2,6,6.74,6,2025-08-01T08:49:00.553772,18
user_843,topic_3,7,3.14,4,2025-06-09T08:49:00.553779,19
user_844,topic_2,2,9.47,4,2025-07-05T08:49:00.553786,24
user_845,topic_2,3,7.35,5,2025-07-23T08:49:00.553793,8
user_846,topic_1,3,8.36,6,2025-07-27T08:49:00.553801,25
user_847,topic_5,1,9.2,8,2025-06-27T08:49:00.553808,1
user_848,topic_4,0,8.48,6,2025-06-27T08:49:00.553824,11
user_849,topic_5,9,8.69,8,2025-07-25T08:49:00.553836,25
user_850,topic_5,4,3.98,10,2025-07-28T08:49:00.553847,2
user_851,topic_3,6,4.78,9,2025-08-03T08:49:00.553859,17
user_852,topic_5,6,8.6,3,2025-07-07T08:49:00.553874,4
user_853,topic_2,7,3.16,1,2025-08-05T08:49:00.553886,22
user_854,topic_3,6,5.81,6,2025-07-13T08:49:00.553897,20
user_855,topic_5,2,5.49,4,2025-07-19T08:49:00.553909,16
user_856,topic_4,5,3.66,8,2025-07-09T08:49:00.553917,7
user_857,topic_2,5,3.65,7,2025-07-19T08:49:00.553924,15
user_858,topic_1,9,1.31,10,2025-06-23T08:49:00.553940,8
user_859,topic_4,4,8.04,9,2025-07-09T08:49:00.553947,28
user_860,topic_1,3,1.46,3,2025-07-06T08:49:00.553956,26
user_861,topic_5,2,4.22,3,2025-06-09T08:49:00.554376,28
user_862,topic_5,8,7.21,8,2025-07-17T08:49:00.554404,9
user_863,topic_1,9,0.48,2,2025-06-22T08:49:00.554414,6
user_864,topic_1,3,8.14,8,2025-06-13T08:49:00.554422,21
user_865,topic_5,7,7.45,5,2025-07-13T08:49:00.554428,12
user_866,topic_4,8,9.32,5,2025-07-14T08:49:00.554445,1
user_867,topic_5,1,3.51,10,2025-07-24T08:49:00.554457,19
user_868,topic_3,10,6.49,3,2025-06-17T08:49:00.554464,10
user_869,topic_4,5,6.73,8,2025-06-17T08:49:00.554471,24
user_870,topic_2,1,3.81,5,2025-07-07T08:49:00.554478,21
user_871,topic_5,2,6.41,6,2025-07-10T08:49:00.554485,21
user_872,topic_3,9,4.05,2,2025-07-31T08:49:00.554491,6
user_873,topic_5,3,3.13,5,2025-06-21T08:49:00.554498,9
user_874,topic_3,10,3.95,8,2025-06-17T08:49:00.554505,28
user_875,topic_2,9,5.21,8,2025-07-10T08:49:00.554512,6
user_876,topic_1,0,1.25,4,2025-06-24T08:49:00.554519,9
user_877,topic_4,3,1.67,2,2025-07-30T08:49:00.554538,3
user_878,topic_1,8,0.54,7,2025-07-03T08:49:00.554550,25
user_879,topic_4,1,2.62,3,2025-07-31T08:49:00.554562,21
user_880,topic_2,4,2.29,5,2025-07-08T08:49:00.554581,21
user_881,topic_3,2,5.27,3,2025-08-04T08:49:00.554587,2
user_882,topic_3,5,8.64,8,2025-06-11T08:49:00.554594,18
user_883,topic_5,8,4.45,9,2025-07-25T08:49:00.554602,19
user_884,topic_5,7,6.31,10,2025-07-09T08:49:00.554609,17
user_885,topic_1,4,9.09,8,2025-07-02T08:49:00.554620,8
user_886,topic_3,7,3.08,7,2025-07-20T08:49:00.554626,5
user_887,topic_4,0,0.0,3,2025-07-14T08:49:00.554635,10
user_888,topic_4,8,0.08,8,2025-06-06T08:49:00.554644,25
user_889,topic_5,4,0.09,7,2025-06-15T08:49:00.554651,10
user_890,topic_4,3,7.97,9,2025-07-13T08:49:00.554657,7
user_891,topic_4,8,4.37,4,2025-07-26T08:49:00.554664,23
user_892,topic_2,6,2.21,2,2025-07-09T08:49:00.554672,21
user_893,topic_3,8,7.65,10,2025-06-15T08:49:00.554679,23
user_894,topic_4,4,6.48,9,2025-06-15T08:49:00.554685,9
user_895,topic_1,3,8.53,3,2025-07-28T08:49:00.554692,10
user_896,topic_5,10,4.55,8,2025-07-19T08:49:00.554699,23
user_897,topic_5,7,1.88,1,2025-07-27T08:49:00.554705,2
user_898,topic_2,0,1.86,2,2025-07-18T08:49:00.554716,9
user_899,topic_1,7,7.27,4,2025-07-31T08:49:00.554722,5
user_900,topic_4,7,2.17,7,2025-07-17T08:49:00.554729,26
user_901,topic_2,5,4.64,1,2025-07-15T08:49:00.554736,3
user_902,topic_4,0,2.67,7,2025-08-01T08:49:00.554743,18
user_903,topic_1,2,1.92,5,2025-06-14T08:49:00.554758,13
user_904,topic_4,1,9.75,4,2025-07-12T08:49:00.554774,25
user_905,topic_1,3,7.38,1,2025-07-24T08:49:00.554789,15
user_906,topic_3,8,6.66,4,2025-07-06T08:49:00.554796,13
user_907,topic_5,5,1.59,1,2025-06-19T08:49:00.554803,30
user_908,topic_2,8,1.22,8,2025-06-26T08:49:00.554810,10
user_909,topic_4,5,8.88,4,2025-07-29T08:49:00.554816,8
user_910,topic_4,5,0.15,5,2025-06-29T08:49:00.554825,4
user_911,topic_4,3,0.09,1,2025-06-29T08:49:00.554832,26
user_912,topic_4,9,1.55,2,2025-07-21T08:49:00.554840,6
user_913,topic_1,1,6.86,6,2025-06-07T08:49:00.554869,25
user_914,topic_1,0,3.56,3,2025-06-22T08:49:00.554887,18
user_915,topic_3,2,4.88,6,2025-07-01T08:49:00.554894,26
user_916,topic_3,7,7.33,1,2025-06-22T08:49:00.554903,13
user_917,topic_4,2,2.51,1,2025-07-05T08:49:00.554910,23
user_918,topic_2,8,2.95,8,2025-07-24T08:49:00.554917,19
user_919,topic_5,8,3.48,8,2025-07-19T08:49:00.554927,28
user_920,topic_3,8,1.6,9,2025-07-27T08:49:00.554934,15
user_921,topic_5,4,5.42,8,2025-08-05T08:49:00.554945,25
user_922,topic_3,6,7.34,1,2025-06-27T08:49:00.554952,28
user_923,topic_4,9,2.39,2,2025-06-24T08:49:00.554960,18
user_924,topic_2,3,5.24,8,2025-06-17T08:49:00.554967,18
user_925,topic_1,9,2.83,7,2025-06-25T08:49:00.554973,11
user_926,topic_2,1,5.23,2,2025-08-03T08:49:00.554980,27
user_927,topic_2,2,8.73,4,2025-07-30T08:49:00.554987,16
user_928,topic_5,1,0.32,7,2025-06-24T08:49:00.554994,16
user_929,topic_2,9,7.01,5,2025-08-02T08:49:00.555001,12
user_930,topic_2,9,7.18,1,2025-06-07T08:49:00.555007,30
user_931,topic_1,10,4.91,2,2025-07-07T08:49:00.555015,26
user_932,topic_1,5,5.58,7,2025-06-14T08:49:00.555022,12
user_933,topic_3,9,2.66,1,2025-06-20T08:49:00.555031,3
user_934,topic_2,1,9.45,9,2025-07-30T08:49:00.555042,4
user_935,topic_2,8,3.85,4,2025-07-03T08:49:00.555060,22
user_936,topic_5,9,6.25,3,2025-07-01T08:49:00.555067,24
user_937,topic_4,6,7.46,10,2025-07-14T08:49:00.555073,22
user_938,topic_2,10,4.27,2,2025-07-26T08:49:00.555080,26
user_939,topic_5,8,4.02,6,2025-06-24T08:49:00.555096,6
user_940,topic_5,9,4.43,6,2025-06-09T08:49:00.555106,11
user_941,topic_4,5,8.45,7,2025-06-18T08:49:00.555116,21
user_942,topic_4,5,6.08,10,2025-07-02T08:49:00.555123,7
user_943,topic_4,8,9.26,5,2025-07-13T08:49:00.555130,15
user_944,topic_1,6,0.0,1,2025-07-18T08:49:00.555137,20
user_945,topic_2,8,1.35,5,2025-08-05T08:49:00.555154,10
user_946,topic_3,3,8.56,1,2025-06-17T08:49:00.555165,27
user_947,topic_2,8,5.11,10,2025-06-07T08:49:00.555189,19
user_948,topic_3,1,0.38,6,2025-07-27T08:49:00.555198,5
user_949,topic_3,5,8.9,4,2025-07-22T08:49:00.555205,9
user_950,topic_1,1,5.7,10,2025-06-08T08:49:00.555212,7
user_951,topic_5,5,7.93,3,2025-07-05T08:49:00.555230,27
user_952,topic_5,1,5.95,5,2025-08-03T08:49:00.555239,24
user_953,topic_3,6,0.78,1,2025-06-08T08:49:00.555245,25
user_954,topic_1,5,8.8,7,2025-07-10T08:49:00.555252,30
user_955,topic_4,3,7.48,10,2025-06-07T08:49:00.555265,1
user_956,topic_5,0,3.05,1,2025-07-16T08:49:00.555283,18
user_957,topic_4,2,3.27,4,2025-07-27T08:49:00.555290,2
user_958,topic_2,7,7.53,10,2025-07-04T08:49:00.555308,3
user_959,topic_3,6,2.9,7,2025-07-27T08:49:00.555316,5
user_960,topic_3,1,4.76,1,2025-07-01T08:49:00.555323,13
user_961,topic_2,1,3.99,7,2025-06-17T08:49:00.555330,23
user_962,topic_5,2,4.81,4,2025-07-05T08:49:00.555339,13
user_963,topic_1,3,5.61,9,2025-07-21T08:49:00.555346,8
user_964,topic_5,4,7.77,6,2025-06-23T08:49:00.555353,30
user_965,topic_3,1,1.13,7,2025-07-09T08:49:00.555361,12
user_966,topic_3,3,3.21,10,2025-06-25T08:49:00.555367,1
user_967,topic_4,2,9.88,10,2025-06-14T08:49:00.555374,26
user_968,topic_2,9,1.46,1,2025-06-07T08:49:00.555381,27
user_969,topic_1,3,6.85,3,2025-06-18T08:49:00.555388,24
user_970,topic_2,1,7.4,4,2025-06-06T08:49:00.555394,20
user_971,topic_4,4,0.14,2,2025-07-17T08:49:00.555401,15
user_972,topic_5,0,3.32,9,2025-07-23T08:49:00.555408,7
user_973,topic_2,8,7.5,9,2025-07-06T08:49:00.555418,20
user_974,topic_5,10,0.18,10,2025-06-09T08:49:00.555427,22
user_975,topic_5,0,2.55,1,2025-07-18T08:49:00.555433,7
user_976,topic_3,4,0.53,1,2025-08-01T08:49:00.555445,13
user_977,topic_1,10,8.52,6,2025-06-11T08:49:00.555452,4
user_978,topic_5,4,8.67,7,2025-07-22T08:49:00.555459,13
user_979,topic_5,1,9.04,8,2025-06-11T08:49:00.555466,20
user_980,topic_1,1,1.86,9,2025-07-07T08:49:00.555472,18
user_981,topic_4,0,2.47,9,2025-07-17T08:49:00.555479,11
user_982,topic_3,6,7.44,1,2025-07-14T08:49:00.555486,22
user_983,topic_1,5,6.25,4,2025-07-04T08:49:00.555493,9
user_984,topic_1,10,2.58,7,2025-06-10T08:49:00.555499,27
user_985,topic_4,8,9.49,4,2025-07-27T08:49:00.555506,11
user_986,topic_5,10,1.37,7,2025-07-03T08:49:00.555514,22
user_987,topic_2,10,6.87,7,2025-07-21T08:49:00.555520,19
user_988,topic_5,6,9.71,10,2025-07-15T08:49:00.555527,15
user_989,topic_2,2,2.07,3,2025-06-29T08:49:00.555534,18
user_990,topic_4,2,3.09,9,2025-06-08T08:49:00.555541,5
user_991,topic_3,2,6.56,10,2025-06-08T08:49:00.555548,6
user_992,topic_2,1,5.57,2,2025-07-25T08:49:00.555555,11
user_993,topic_4,0,7.65,7,2025-07-10T08:49:00.555562,10
user_994,topic_2,10,9.33,5,2025-07-27T08:49:00.555571,25
user_995,topic_5,1,1.32,1,2025-06-18T08:49:00.555579,20
user_996,topic_2,4,6.06,10,2025-07-22T08:49:00.555585,20
user_997,topic_4,3,6.87,6,2025-07-31T08:49:00.555592,23
user_998,topic_3,2,5.02,10,2025-07-06T08:49:00.555599,23
user_999,topic_2,2,8.52,8,2025-07-06T08:49:00.555607,5
